dir,storageClass 
deepCoadd_calexp,ExposureF
deepCoadd_calexp_background,Background
deepCoadd_det,SourceCatalog
deepCoadd,ExposureF
deepCoadd_nImage,ImageU
coaddDriver_config,Config
deepCoadd_ref_schema,SourceCatalog
deepCoadd_mergeDet_schema,SourceCatalog
deepCoadd_deblendedFlux_schema,SourceCatalog
deepCoadd_forced_src_schema,SourceCatalog
deepCoadd_deblendedModel_schema,SourceCatalog
deepCoadd_mcalmax_deblended_schema,SourceCatalog
deepCoadd_meas_schema,SourceCatalog
deepCoadd_ngmix_deblended_schema,SourceCatalog
deepCoadd_peak_schema,PeakCatalog
deepCoadd_deblendedFlux,SourceCatalog
deepCoadd_measMatch,Catalog
deepCoadd_forced_src,SourceCatalog
deepCoadd_measMatchFull,Catalog
deepCoadd_meas,SourceCatalog
deepCoadd_ref,SourceCatalog
deepCoadd_mergeDet,SourceCatalog
deepCoadd_ngmix_deblended,SourceCatalog
deepCoadd_mcalmax_deblended,SourceCatalog
deepCoadd_psfMatchedWarp,ExposureF
deepCoadd_directWarp,ExposureF
assembleCoadd_metadata,PropertySet
forcedPhotCoadd_metadata,PropertySet
assembleCoadd_config,Config
forcedPhotCoadd_config,Config
goodSeeingCoadd,ExposureF
goodSeeingCoadd_nImage,ImageU
deepCoadd_obj,DataFrame
deepCoadd_inputMap,HealSparseMap
deepCoadd_multiprofit_schema,SourceCatalog
deepCoadd_multiprofit,SourceCatalog
deepCoadd_psf_maglim_map_weighted_mean,HealSparseMap
deepCoadd_exposure_time_map_sum,HealSparseMap
deepCoadd_sky_background_map_weighted_mean,HealSparseMap
deepCoadd_psf_size_map_weighted_mean,HealSparseMap
deepCoadd_psf_e2_map_weighted_mean,HealSparseMap
deepCoadd_psf_e1_map_weighted_mean,HealSparseMap
deepCoadd_dcr_e2_map_weighted_mean,HealSparseMap
deepCoadd_dcr_e1_map_weighted_mean,HealSparseMap
deepCoadd_sky_noise_map_weighted_mean,HealSparseMap
deepCoadd_dcr_dra_map_weighted_mean,HealSparseMap
deepCoadd_dcr_ddec_map_weighted_mean,HealSparseMap
assembleCoadd_log,ButlerLogRecords
forcedPhotCoadd_log,ButlerLogRecords
deepCoadd_dcr_ddec_consolidated_map_weighted_mean,HealSparseMap
deepCoadd_dcr_e1_consolidated_map_weighted_mean,HealSparseMap
deepCoadd_sky_background_consolidated_map_weighted_mean,HealSparseMap
deepCoadd_psf_e2_consolidated_map_weighted_mean,HealSparseMap
deepCoadd_psf_maglim_consolidated_map_weighted_mean,HealSparseMap
deepCoadd_dcr_e2_consolidated_map_weighted_mean,HealSparseMap
deepCoadd_exposure_time_consolidated_map_sum,HealSparseMap
deepCoadd_psf_size_consolidated_map_weighted_mean,HealSparseMap
deepCoadd_psf_e1_consolidated_map_weighted_mean,HealSparseMap
deepCoadd_sky_noise_consolidated_map_weighted_mean,HealSparseMap
deepCoadd_dcr_dra_consolidated_map_weighted_mean,HealSparseMap
deepCoadd_hpx,ExposureF
deepCoadd_deblendedModel,SourceCatalog
deepCoadd_scarletModelData,ScarletModelData
deepCoadd_deblendedCatalog,SourceCatalog
inject_coadd_config,Config
injected_deepCoadd,ExposureF
injected_deepCoadd_catalog,ArrowAstropy
inject_coadd_metadata,TaskMetadata
inject_coadd_log,ButlerLogRecords
deepCoadd_epoch_map_mean,HealSparseMap
deepCoadd_epoch_map_min,HealSparseMap
deepCoadd_epoch_map_max,HealSparseMap
injected_deepCoadd_det,SourceCatalog
injected_deepCoadd_deblendedCatalog,SourceCatalog
injected_deepCoadd_calexp,ExposureF
injected_deepCoadd_scarletModelData,ScarletModelData
injected_deepCoadd_mergeDet,SourceCatalog
injected_deepCoadd_ref,SourceCatalog
injected_deepCoadd_meas,SourceCatalog
injected_deepCoadd_obj,DataFrame
injected_deepCoadd_forced_src,SourceCatalog
injected_deepCoadd_measMatch,Catalog
injected_deepCoadd_measMatchFull,Catalog
injected_deepCoadd_calexp_background,Background
